GROUP,PACKAGE,CLASS,INSTRUCTION_MISSED,INSTRUCTION_COVERED,BRANCH_MISSED,BRANCH_COVERED,LINE_MISSED,LINE_COVERED,COMPLEXITY_MISSED,COMPLEXITY_COVERED,METHOD_MISSED,METHOD_COVERED
MLB Coverage Evaluation/bound,bound,grocery,15,47,7,15,2,4,5,9,1,2
MLB Coverage Evaluation/bound,bound,unbounded,3,21,0,4,1,3,1,3,1,1
MLB Coverage Evaluation/bound,bound,unconstrained,70,20,13,9,8,4,9,6,2,2
MLB Coverage Evaluation/bound,bound,allinterval,123,23,19,9,19,5,13,7,3,3
MLB Coverage Evaluation/bound,bound,golomb,98,102,11,19,8,17,8,13,2,4
MLB Coverage Evaluation/color,color,stablemarriage,50,273,9,7,3,6,6,5,1,2
MLB Coverage Evaluation/color,color,loan,6,57,1,1,2,8,2,1,1,1
MLB Coverage Evaluation/color,color,sendmoremoney,132,35,17,17,7,6,11,11,2,3
MLB Coverage Evaluation/color,color,laplace,6,211,1,13,1,26,2,8,1,2
MLB Coverage Evaluation/color,color,magicseries,36,96,9,27,4,14,8,15,1,4
MLB Coverage Evaluation/scic,scic,RungeKutta,9,91,1,3,3,14,3,3,2,2
MLB Coverage Evaluation/scic,scic,NewtonMethod,13,75,0,4,5,12,2,6,2,4
MLB Coverage Evaluation/scic,scic,EulerMethod,6,44,0,4,3,9,2,4,2,2
MLB Coverage Evaluation/scic,scic,CubedRoot,6,77,1,7,3,16,3,4,2,1
MLB Coverage Evaluation/scic,scic,NewtonSimpson,20,134,1,7,5,21,3,8,2,5
MLB Coverage Evaluation/scic,scic,SimpsonSolver,16,153,0,6,3,22,2,8,2,5
