GROUP,PACKAGE,CLASS,INSTRUCTION_MISSED,INSTRUCTION_COVERED,BRANCH_MISSED,BRANCH_COVERED,LINE_MISSED,LINE_COVERED,COMPLEXITY_MISSED,COMPLEXITY_COVERED,METHOD_MISSED,METHOD_COVERED
jpf-MLB Coverage Evaluation/Ell,default,plgndr,3,111,0,16,1,20,1,9,1,1
jpf-MLB Coverage Evaluation/Ell,default,ell,165,2070,28,194,25,322,25,102,1,15
jpf-MLB Coverage Evaluation/Ell,default,complex,32,108,0,0,8,13,3,7,3,7
jpf-MLB Coverage Evaluation/Ell,default,frenel,146,396,13,33,18,82,11,15,1,2
jpf-MLB Coverage Evaluation/Ran,default,dev,126,566,29,55,22,106,24,26,1,7
jpf-MLB Coverage Evaluation/Ran,default,ran,23,466,9,47,1,90,10,23,1,4
jpf-MLB Coverage Evaluation/tp_coral,coral.tests,JPFBenchmark,235,3076,89,493,32,229,72,305,2,84
jpf-MLB Coverage Evaluation/tcas,default,Tcas,97,236,7,69,27,54,9,41,3,9
jpf-MLB Coverage Evaluation/tcas,default,Const,3,0,0,0,1,0,1,0,1,0
jpf-MLB Coverage Evaluation/Bess,default,dawson,9,280,4,20,2,37,5,13,1,5
jpf-MLB Coverage Evaluation/Bess,default,bess,3,1273,0,64,1,151,1,44,1,12
jpf-MLB Coverage Evaluation/raytrace,default,Sphere,15,196,0,8,1,29,1,7,1,3
jpf-MLB Coverage Evaluation/raytrace,default,TestDrivers,3,271,0,0,1,40,1,5,1,5
jpf-MLB Coverage Evaluation/raytrace,default,Vector3D,175,179,0,8,8,20,7,11,7,7
jpf-MLB Coverage Evaluation/raytrace,default,Light,0,26,0,4,0,10,0,3,0,1
jpf-MLB Coverage Evaluation/raytrace,default,Color,0,21,0,0,0,8,0,4,0,4
jpf-MLB Coverage Evaluation/raytrace,default,Ray,28,41,0,4,2,12,2,4,2,2
jpf-MLB Coverage Evaluation/raytrace,default,Surface,31,419,2,26,5,54,2,14,0,2
jpf-MLB Coverage Evaluation/dart,concolic,DART,16,26,6,8,3,8,7,5,2,3
jpf-MLB Coverage Evaluation/sine,concolic,MathSin,116,945,19,30,34,150,16,17,3,4
jpf-MLB Coverage Evaluation/Gam,default,gam,40,433,12,38,7,72,13,23,1,10
jpf-MLB Coverage Evaluation/Gam,default,erf,3,67,0,2,1,4,1,2,1,1
jpf-MLB Coverage Evaluation/Gam,default,expint,49,293,12,36,8,57,12,15,1,2
jpf-MLB Coverage Evaluation/Gam,default,beta,11,344,4,24,1,45,5,14,1,4
jpf-MLB Coverage Evaluation/tsafe,tsafe,Conflict,13,206,0,6,3,34,2,4,2,1
jpf-MLB Coverage Evaluation/tsafe,tsafe,TurnLogic,26,122,2,18,3,25,4,11,2,3
jpf-MLB Coverage Evaluation/Airy,default,airy,40,1700,19,89,3,293,20,45,1,10
jpf-MLB Coverage Evaluation/Caldat,default,caldat,60,453,6,42,9,77,7,23,1,5
jpf-MLB Coverage Evaluation/statcalc,concolic,StatCalculator,56,104,2,6,21,25,11,7,9,5
jpf-MLB Coverage Evaluation/statcalc,concolic,TestStatCalc,6,34,0,4,3,12,2,3,2,1
jpf-MLB Coverage Evaluation/coral,coral.tests,JPFBenchmark,175,3136,74,508,20,241,58,319,1,85
jpf-MLB Coverage Evaluation/power,concolic,PowExample,7,49,0,14,3,17,2,8,2,1
jpf-MLB Coverage Evaluation/ej_hash,default,EffectiveJavaHashCode,9,145,3,7,3,31,3,9,0,7
jpf-MLB Coverage Evaluation/optimization,default,Optimization,44,178,10,22,7,22,9,15,2,6
