GROUP,PACKAGE,CLASS,INSTRUCTION_MISSED,INSTRUCTION_COVERED,BRANCH_MISSED,BRANCH_COVERED,LINE_MISSED,LINE_COVERED,COMPLEXITY_MISSED,COMPLEXITY_COVERED,METHOD_MISSED,METHOD_COVERED
jpf-mixed Coverage Evaluation/color,color,stablemarriage,25,298,6,10,1,8,5,6,1,2
jpf-mixed Coverage Evaluation/color,color,loan,63,0,2,0,10,0,3,0,2,0
jpf-mixed Coverage Evaluation/color,color,sendmoremoney,78,89,9,25,7,6,7,15,2,3
jpf-mixed Coverage Evaluation/color,color,laplace,6,211,1,13,1,26,2,8,1,2
jpf-mixed Coverage Evaluation/color,color,magicseries,3,129,0,36,1,17,1,22,1,4
jpf-mixed Coverage Evaluation/power,concolic,PowExample,10,46,2,12,4,16,4,6,2,1
jpf-mixed Coverage Evaluation/Caldat,default,caldat,224,289,26,22,31,55,20,10,2,4
jpf-mixed Coverage Evaluation/Bess,default,dawson,249,40,20,4,34,5,14,4,4,2
jpf-mixed Coverage Evaluation/Bess,default,bess,1276,0,64,0,152,0,45,0,13,0
jpf-mixed Coverage Evaluation/raytrace,default,Vector3D,237,117,4,4,11,17,13,5,10,4
jpf-mixed Coverage Evaluation/raytrace,default,Surface,331,119,21,7,38,21,13,3,0,2
jpf-mixed Coverage Evaluation/raytrace,default,TestDrivers,173,101,0,0,25,16,4,2,4,2
jpf-mixed Coverage Evaluation/raytrace,default,Light,9,17,3,1,3,7,2,1,0,1
jpf-mixed Coverage Evaluation/raytrace,default,Sphere,107,104,8,0,16,14,6,2,2,2
jpf-mixed Coverage Evaluation/raytrace,default,Ray,56,13,4,0,10,4,5,1,3,1
jpf-mixed Coverage Evaluation/raytrace,default,Color,9,12,0,0,3,5,3,1,3,1
jpf-mixed Coverage Evaluation/statcalc,concolic,TestStatCalc,9,31,1,3,4,11,3,2,2,1
jpf-mixed Coverage Evaluation/statcalc,concolic,StatCalculator,56,104,2,6,21,25,11,7,9,5
jpf-mixed Coverage Evaluation/scic,scic,RungeKutta,9,91,1,3,3,14,3,3,2,2
jpf-mixed Coverage Evaluation/scic,scic,NewtonMethod,88,0,4,0,17,0,8,0,6,0
jpf-mixed Coverage Evaluation/scic,scic,EulerMethod,50,0,4,0,12,0,6,0,4,0
jpf-mixed Coverage Evaluation/scic,scic,CubedRoot,83,0,8,0,19,0,7,0,3,0
jpf-mixed Coverage Evaluation/scic,scic,NewtonSimpson,154,0,8,0,26,0,11,0,7,0
jpf-mixed Coverage Evaluation/scic,scic,SimpsonSolver,169,0,6,0,25,0,10,0,7,0
jpf-mixed Coverage Evaluation/sine,concolic,MathSin,1061,0,49,0,184,0,33,0,7,0
jpf-mixed Coverage Evaluation/Ran,default,ran,489,0,56,0,91,0,33,0,5,0
jpf-mixed Coverage Evaluation/Ran,default,dev,621,71,77,7,109,18,48,2,6,2
jpf-mixed Coverage Evaluation/optimization,default,Optimization,156,66,28,4,16,8,20,4,4,4
jpf-mixed Coverage Evaluation/Ell,default,complex,39,101,0,0,11,10,4,6,4,6
jpf-mixed Coverage Evaluation/Ell,default,ell,1629,606,162,60,242,100,107,20,12,4
jpf-mixed Coverage Evaluation/Ell,default,frenel,374,168,37,9,74,26,22,4,2,1
jpf-mixed Coverage Evaluation/Ell,default,plgndr,98,16,13,3,14,7,9,1,1,1
jpf-mixed Coverage Evaluation/ej_hash,default,EffectiveJavaHashCode,35,119,6,4,9,25,6,6,1,6
jpf-mixed Coverage Evaluation/tcas,default,Tcas,97,236,7,69,27,47,9,41,3,9
jpf-mixed Coverage Evaluation/tcas,default,Const,3,0,0,0,1,0,1,0,1,0
jpf-mixed Coverage Evaluation/Gam,default,expint,286,56,40,8,50,15,23,4,1,2
jpf-mixed Coverage Evaluation/Gam,default,erf,3,67,0,2,1,4,1,2,1,1
jpf-mixed Coverage Evaluation/Gam,default,gam,252,221,31,19,45,34,24,12,2,9
jpf-mixed Coverage Evaluation/Gam,default,beta,11,344,4,24,1,45,5,14,1,4
jpf-mixed Coverage Evaluation/coral,coral.tests,JPFBenchmark,2623,688,486,96,155,99,306,71,39,47
jpf-mixed Coverage Evaluation/bound,bound,grocery,31,31,9,13,2,4,6,8,1,2
jpf-mixed Coverage Evaluation/bound,bound,unbounded,3,21,0,4,1,3,1,3,1,1
jpf-mixed Coverage Evaluation/bound,bound,unconstrained,21,69,6,16,3,9,6,9,1,3
jpf-mixed Coverage Evaluation/bound,bound,allinterval,74,72,12,16,13,11,10,10,2,4
jpf-mixed Coverage Evaluation/bound,bound,golomb,23,177,6,24,3,22,6,15,1,5
jpf-mixed Coverage Evaluation/tsafe,tsafe,TurnLogic,148,0,20,0,28,0,15,0,5,0
jpf-mixed Coverage Evaluation/tsafe,tsafe,Conflict,219,0,6,0,35,0,6,0,3,0
jpf-mixed Coverage Evaluation/dart,concolic,DART,18,24,7,7,4,7,7,5,2,3
jpf-mixed Coverage Evaluation/Airy,default,airy,1016,724,76,32,176,120,53,12,5,6
