GROUP,PACKAGE,CLASS,INSTRUCTION_MISSED,INSTRUCTION_COVERED,BRANCH_MISSED,BRANCH_COVERED,LINE_MISSED,LINE_COVERED,COMPLEXITY_MISSED,COMPLEXITY_COVERED,METHOD_MISSED,METHOD_COVERED
jpf-gradient Coverage Evaluation/ej_hash,default,EffectiveJavaHashCode,3,151,1,9,1,33,1,11,0,7
jpf-gradient Coverage Evaluation/dart,concolic,DART,12,30,2,12,2,9,4,8,2,3
jpf-gradient Coverage Evaluation/bound,bound,grocery,31,31,9,13,2,4,6,8,1,2
jpf-gradient Coverage Evaluation/bound,bound,unbounded,3,21,0,4,1,3,1,3,1,1
jpf-gradient Coverage Evaluation/bound,bound,unconstrained,21,69,6,16,3,9,6,9,1,3
jpf-gradient Coverage Evaluation/bound,bound,allinterval,74,72,12,16,13,11,10,10,2,4
jpf-gradient Coverage Evaluation/bound,bound,golomb,23,177,6,24,3,22,6,15,1,5
jpf-gradient Coverage Evaluation/color,color,stablemarriage,25,298,6,10,1,8,5,6,1,2
jpf-gradient Coverage Evaluation/color,color,loan,6,57,1,1,2,8,2,1,1,1
jpf-gradient Coverage Evaluation/color,color,sendmoremoney,78,89,9,25,7,6,7,15,2,3
jpf-gradient Coverage Evaluation/color,color,laplace,6,211,1,13,1,26,2,8,1,2
jpf-gradient Coverage Evaluation/color,color,magicseries,3,129,0,36,1,17,1,22,1,4
jpf-gradient Coverage Evaluation/scic,scic,RungeKutta,9,91,1,3,3,14,3,3,2,2
jpf-gradient Coverage Evaluation/scic,scic,NewtonMethod,13,75,1,3,5,12,3,5,2,4
jpf-gradient Coverage Evaluation/scic,scic,EulerMethod,6,44,0,4,3,9,2,4,2,2
jpf-gradient Coverage Evaluation/scic,scic,CubedRoot,6,77,1,7,3,16,3,4,2,1
jpf-gradient Coverage Evaluation/scic,scic,NewtonSimpson,20,134,1,7,5,21,3,8,2,5
jpf-gradient Coverage Evaluation/scic,scic,SimpsonSolver,16,153,0,6,3,22,2,8,2,5
