GROUP,PACKAGE,CLASS,INSTRUCTION_MISSED,INSTRUCTION_COVERED,BRANCH_MISSED,BRANCH_COVERED,LINE_MISSED,LINE_COVERED,COMPLEXITY_MISSED,COMPLEXITY_COVERED,METHOD_MISSED,METHOD_COVERED
jpf-mixed Coverage Evaluation/ej_hash,default,EffectiveJavaHashCode,35,119,6,4,9,25,6,6,1,6
jpf-mixed Coverage Evaluation/dart,concolic,DART,18,24,7,7,4,7,7,5,2,3
jpf-mixed Coverage Evaluation/bound,bound,grocery,31,31,9,13,2,4,6,8,1,2
jpf-mixed Coverage Evaluation/bound,bound,unbounded,3,21,0,4,1,3,1,3,1,1
jpf-mixed Coverage Evaluation/bound,bound,unconstrained,21,69,6,16,3,9,6,9,1,3
jpf-mixed Coverage Evaluation/bound,bound,allinterval,74,72,12,16,13,11,10,10,2,4
jpf-mixed Coverage Evaluation/bound,bound,golomb,23,177,6,24,3,22,6,15,1,5
jpf-mixed Coverage Evaluation/color,color,stablemarriage,25,298,6,10,1,8,5,6,1,2
jpf-mixed Coverage Evaluation/color,color,loan,6,57,1,1,2,8,2,1,1,1
jpf-mixed Coverage Evaluation/color,color,sendmoremoney,78,89,9,25,7,6,7,15,2,3
jpf-mixed Coverage Evaluation/color,color,laplace,6,211,1,13,1,26,2,8,1,2
jpf-mixed Coverage Evaluation/color,color,magicseries,3,129,0,36,1,17,1,22,1,4
jpf-mixed Coverage Evaluation/scic,scic,RungeKutta,9,91,1,3,3,14,3,3,2,2
jpf-mixed Coverage Evaluation/scic,scic,NewtonMethod,88,0,4,0,17,0,8,0,6,0
jpf-mixed Coverage Evaluation/scic,scic,EulerMethod,50,0,4,0,12,0,6,0,4,0
jpf-mixed Coverage Evaluation/scic,scic,CubedRoot,83,0,8,0,19,0,7,0,3,0
jpf-mixed Coverage Evaluation/scic,scic,NewtonSimpson,154,0,8,0,26,0,11,0,7,0
jpf-mixed Coverage Evaluation/scic,scic,SimpsonSolver,169,0,6,0,25,0,10,0,7,0
