GROUP,PACKAGE,CLASS,INSTRUCTION_MISSED,INSTRUCTION_COVERED,BRANCH_MISSED,BRANCH_COVERED,LINE_MISSED,LINE_COVERED,COMPLEXITY_MISSED,COMPLEXITY_COVERED,METHOD_MISSED,METHOD_COVERED
jpf-coral Coverage Evaluation/ej_hash,default,EffectiveJavaHashCode,154,0,10,0,34,0,12,0,7,0
jpf-coral Coverage Evaluation/dart,concolic,DART,16,26,6,8,3,8,7,5,2,3
jpf-coral Coverage Evaluation/bound,bound,grocery,15,47,7,15,2,4,5,9,1,2
jpf-coral Coverage Evaluation/bound,bound,unbounded,3,21,0,4,1,3,1,3,1,1
jpf-coral Coverage Evaluation/bound,bound,unconstrained,21,69,6,16,3,9,6,9,1,3
jpf-coral Coverage Evaluation/bound,bound,allinterval,74,72,12,16,13,11,10,10,2,4
jpf-coral Coverage Evaluation/bound,bound,golomb,23,177,6,24,3,22,6,15,1,5
jpf-coral Coverage Evaluation/color,color,stablemarriage,25,298,6,10,1,8,5,6,1,2
jpf-coral Coverage Evaluation/color,color,loan,6,57,1,1,2,8,2,1,1,1
jpf-coral Coverage Evaluation/color,color,sendmoremoney,8,159,2,32,3,10,3,19,1,4
jpf-coral Coverage Evaluation/color,color,laplace,6,211,1,13,1,26,2,8,1,2
jpf-coral Coverage Evaluation/color,color,magicseries,3,129,0,36,1,17,1,22,1,4
jpf-coral Coverage Evaluation/scic,scic,RungeKutta,6,94,0,4,3,14,2,4,2,2
jpf-coral Coverage Evaluation/scic,scic,NewtonMethod,16,72,3,1,5,12,4,4,2,4
jpf-coral Coverage Evaluation/scic,scic,EulerMethod,6,44,0,4,3,9,2,4,2,2
jpf-coral Coverage Evaluation/scic,scic,CubedRoot,6,77,1,7,3,16,3,4,2,1
jpf-coral Coverage Evaluation/scic,scic,NewtonSimpson,20,134,1,7,5,21,3,8,2,5
jpf-coral Coverage Evaluation/scic,scic,SimpsonSolver,16,153,0,6,3,22,2,8,2,5
