GROUP,PACKAGE,CLASS,INSTRUCTION_MISSED,INSTRUCTION_COVERED,BRANCH_MISSED,BRANCH_COVERED,LINE_MISSED,LINE_COVERED,COMPLEXITY_MISSED,COMPLEXITY_COVERED,METHOD_MISSED,METHOD_COVERED
jcute Coverage Evaluation/dart,concolic,DART,23,19,10,4,7,4,10,2,3,2
jcute Coverage Evaluation/bound,bound,grocery,31,31,9,13,2,4,6,8,1,2
jcute Coverage Evaluation/bound,bound,unbounded,3,21,0,4,1,3,1,3,1,1
jcute Coverage Evaluation/bound,bound,unconstrained,21,69,6,16,3,9,6,9,1,3
jcute Coverage Evaluation/bound,bound,allinterval,74,72,12,16,13,11,10,10,2,4
jcute Coverage Evaluation/bound,bound,golomb,23,177,6,24,3,22,6,15,1,5
jcute Coverage Evaluation/color,color,stablemarriage,25,298,6,10,1,8,5,6,1,2
jcute Coverage Evaluation/color,color,loan,6,57,1,1,2,8,2,1,1,1
jcute Coverage Evaluation/color,color,sendmoremoney,78,89,9,25,7,6,7,15,2,3
jcute Coverage Evaluation/color,color,laplace,10,207,4,10,1,26,5,5,1,2
jcute Coverage Evaluation/color,color,magicseries,29,103,5,31,2,16,4,19,1,4
jcute Coverage Evaluation/scic,scic,RungeKutta,6,94,0,4,3,14,2,4,2,2
jcute Coverage Evaluation/scic,scic,NewtonMethod,13,75,0,4,5,12,2,6,2,4
jcute Coverage Evaluation/scic,scic,EulerMethod,6,44,1,3,3,9,3,3,2,2
jcute Coverage Evaluation/scic,scic,CubedRoot,9,74,2,6,3,16,4,3,2,1
jcute Coverage Evaluation/scic,scic,NewtonSimpson,20,134,1,7,5,21,3,8,2,5
jcute Coverage Evaluation/scic,scic,SimpsonSolver,19,150,1,5,4,21,3,7,2,5
