GROUP,PACKAGE,CLASS,INSTRUCTION_MISSED,INSTRUCTION_COVERED,BRANCH_MISSED,BRANCH_COVERED,LINE_MISSED,LINE_COVERED,COMPLEXITY_MISSED,COMPLEXITY_COVERED,METHOD_MISSED,METHOD_COVERED
MLB Coverage Evaluation/color,color,stablemarriage,50,273,9,7,3,6,6,5,1,2
MLB Coverage Evaluation/color,color,loan,6,57,1,1,2,8,2,1,1,1
MLB Coverage Evaluation/color,color,laplace,6,211,1,13,1,26,2,8,1,2
MLB Coverage Evaluation/color,color,magicseries,17,115,5,31,4,14,5,18,1,4
MLB Coverage Evaluation/color,color,sendmoremoney,78,89,11,23,8,7,9,13,2,3
MLB Coverage Evaluation/power,concolic,PowExample,7,49,0,14,3,17,2,8,2,1
MLB Coverage Evaluation/Caldat,default,caldat,60,453,6,42,9,77,7,23,1,5
MLB Coverage Evaluation/Bess,default,dawson,11,278,5,19,2,37,6,12,1,5
MLB Coverage Evaluation/Bess,default,bess,3,1273,0,64,1,151,1,44,1,12
MLB Coverage Evaluation/raytrace,default,Sphere,15,196,0,8,1,29,1,7,1,3
MLB Coverage Evaluation/raytrace,default,TestDrivers,3,271,0,0,1,40,1,5,1,5
MLB Coverage Evaluation/raytrace,default,Vector3D,175,179,0,8,8,20,7,11,7,7
MLB Coverage Evaluation/raytrace,default,Light,0,26,0,4,0,10,0,3,0,1
MLB Coverage Evaluation/raytrace,default,Color,0,21,0,0,0,8,0,4,0,4
MLB Coverage Evaluation/raytrace,default,Ray,28,41,0,4,2,12,2,4,2,2
MLB Coverage Evaluation/raytrace,default,Surface,31,419,1,27,5,54,1,15,0,2
MLB Coverage Evaluation/statcalc,concolic,StatCalculator,56,104,2,6,21,25,11,7,9,5
MLB Coverage Evaluation/statcalc,concolic,TestStatCalc,10,30,1,3,4,11,3,2,2,1
MLB Coverage Evaluation/scic,scic,CubedRoot,6,77,1,7,3,16,3,4,2,1
MLB Coverage Evaluation/scic,scic,RungeKutta,9,91,1,3,3,14,3,3,2,2
MLB Coverage Evaluation/scic,scic,EulerMethod,6,44,0,4,3,9,2,4,2,2
MLB Coverage Evaluation/scic,scic,NewtonMethod,13,75,0,4,5,12,2,6,2,4
MLB Coverage Evaluation/scic,scic,NewtonSimpson,20,134,0,8,5,21,2,9,2,5
MLB Coverage Evaluation/scic,scic,SimpsonSolver,16,153,0,6,3,22,2,8,2,5
MLB Coverage Evaluation/sine,concolic,MathSin,110,951,17,32,31,153,14,19,3,4
MLB Coverage Evaluation/Ran,default,dev,126,566,30,54,22,106,25,25,1,7
MLB Coverage Evaluation/Ran,default,ran,23,466,9,47,1,90,10,23,1,4
MLB Coverage Evaluation/optimization,default,Optimization,49,173,12,20,9,20,11,13,2,6
MLB Coverage Evaluation/Ell,default,plgndr,3,111,0,16,1,20,1,9,1,1
MLB Coverage Evaluation/Ell,default,ell,108,2127,23,199,15,332,22,105,1,15
MLB Coverage Evaluation/Ell,default,complex,32,108,0,0,8,13,3,7,3,7
MLB Coverage Evaluation/Ell,default,frenel,146,396,13,33,18,82,11,15,1,2
MLB Coverage Evaluation/ej_hash,default,EffectiveJavaHashCode,9,145,3,7,3,31,3,9,0,7
MLB Coverage Evaluation/tcas,default,Tcas,177,156,44,32,34,47,35,15,5,7
MLB Coverage Evaluation/tcas,default,Const,3,0,0,0,1,0,1,0,1,0
MLB Coverage Evaluation/Gam,default,gam,40,433,12,38,7,72,13,23,1,10
MLB Coverage Evaluation/Gam,default,erf,3,67,0,2,1,4,1,2,1,1
MLB Coverage Evaluation/Gam,default,expint,42,300,9,39,6,59,9,18,1,2
MLB Coverage Evaluation/Gam,default,beta,11,344,5,23,1,45,6,13,1,4
MLB Coverage Evaluation/coral,coral.tests,JPFBenchmark,343,2968,106,476,19,242,73,304,1,85
MLB Coverage Evaluation/bound,bound,unconstrained,21,69,6,16,3,10,6,9,1,3
MLB Coverage Evaluation/bound,bound,grocery,15,47,7,15,2,4,5,9,1,2
MLB Coverage Evaluation/bound,bound,unbounded,3,21,0,4,1,3,1,3,1,1
MLB Coverage Evaluation/bound,bound,allinterval,74,72,12,16,13,11,10,10,2,4
MLB Coverage Evaluation/bound,bound,golomb,23,177,6,24,3,22,6,15,1,5
MLB Coverage Evaluation/tsafe,tsafe,Conflict,13,206,0,6,3,34,2,4,2,1
MLB Coverage Evaluation/tsafe,tsafe,TurnLogic,26,122,2,18,3,25,4,11,2,3
MLB Coverage Evaluation/dart,concolic,DART,16,26,6,8,3,8,7,5,2,3
MLB Coverage Evaluation/Airy,default,airy,51,1689,19,89,7,289,20,45,1,10
