GROUP,PACKAGE,CLASS,INSTRUCTION_MISSED,INSTRUCTION_COVERED,BRANCH_MISSED,BRANCH_COVERED,LINE_MISSED,LINE_COVERED,COMPLEXITY_MISSED,COMPLEXITY_COVERED,METHOD_MISSED,METHOD_COVERED
jpf-gradient Coverage Evaluation/color,color,stablemarriage,25,298,6,10,1,8,5,6,1,2
jpf-gradient Coverage Evaluation/color,color,loan,63,0,2,0,10,0,3,0,2,0
jpf-gradient Coverage Evaluation/color,color,sendmoremoney,78,89,9,25,7,6,7,15,2,3
jpf-gradient Coverage Evaluation/color,color,laplace,6,211,1,13,1,26,2,8,1,2
jpf-gradient Coverage Evaluation/color,color,magicseries,3,129,0,36,1,17,1,22,1,4
jpf-gradient Coverage Evaluation/power,concolic,PowExample,7,49,0,14,3,17,2,8,2,1
jpf-gradient Coverage Evaluation/Caldat,default,caldat,197,316,23,25,29,57,18,12,2,4
jpf-gradient Coverage Evaluation/Bess,default,dawson,9,280,5,19,2,37,6,12,1,5
jpf-gradient Coverage Evaluation/Bess,default,bess,1276,0,64,0,152,0,45,0,13,0
jpf-gradient Coverage Evaluation/raytrace,default,Vector3D,175,179,0,8,8,20,7,11,7,7
jpf-gradient Coverage Evaluation/raytrace,default,Surface,90,360,3,25,10,49,3,13,0,2
jpf-gradient Coverage Evaluation/raytrace,default,TestDrivers,3,271,0,0,1,40,1,5,1,5
jpf-gradient Coverage Evaluation/raytrace,default,Light,0,26,2,2,0,10,2,1,0,1
jpf-gradient Coverage Evaluation/raytrace,default,Sphere,15,196,0,8,1,29,1,7,1,3
jpf-gradient Coverage Evaluation/raytrace,default,Ray,28,41,0,4,2,12,2,4,2,2
jpf-gradient Coverage Evaluation/raytrace,default,Color,0,21,0,0,0,8,0,4,0,4
jpf-gradient Coverage Evaluation/statcalc,concolic,TestStatCalc,9,31,1,3,4,11,3,2,2,1
jpf-gradient Coverage Evaluation/statcalc,concolic,StatCalculator,56,104,2,6,21,25,11,7,9,5
jpf-gradient Coverage Evaluation/scic,scic,RungeKutta,9,91,1,3,3,14,3,3,2,2
jpf-gradient Coverage Evaluation/scic,scic,NewtonMethod,13,75,1,3,5,12,3,5,2,4
jpf-gradient Coverage Evaluation/scic,scic,EulerMethod,6,44,0,4,3,9,2,4,2,2
jpf-gradient Coverage Evaluation/scic,scic,CubedRoot,6,77,1,7,3,16,3,4,2,1
jpf-gradient Coverage Evaluation/scic,scic,NewtonSimpson,20,134,1,7,5,21,3,8,2,5
jpf-gradient Coverage Evaluation/scic,scic,SimpsonSolver,16,153,0,6,3,22,2,8,2,5
jpf-gradient Coverage Evaluation/sine,concolic,MathSin,144,917,24,25,40,144,21,12,3,4
jpf-gradient Coverage Evaluation/Ran,default,ran,440,49,54,2,81,10,31,2,4,1
jpf-gradient Coverage Evaluation/Ran,default,dev,621,71,77,7,109,18,48,2,6,2
jpf-gradient Coverage Evaluation/optimization,default,Optimization,50,172,12,20,4,20,9,15,1,7
jpf-gradient Coverage Evaluation/Ell,default,complex,39,101,0,0,11,10,4,6,4,6
jpf-gradient Coverage Evaluation/Ell,default,ell,938,1297,164,58,155,187,106,21,3,13
jpf-gradient Coverage Evaluation/Ell,default,frenel,257,285,26,20,41,59,18,8,1,2
jpf-gradient Coverage Evaluation/Ell,default,plgndr,98,16,13,3,14,7,9,1,1,1
jpf-gradient Coverage Evaluation/ej_hash,default,EffectiveJavaHashCode,3,151,1,9,1,33,1,11,0,7
jpf-gradient Coverage Evaluation/tcas,default,Tcas,97,236,7,69,27,47,9,41,3,9
jpf-gradient Coverage Evaluation/tcas,default,Const,3,0,0,0,1,0,1,0,1,0
jpf-gradient Coverage Evaluation/Gam,default,expint,236,106,33,15,40,25,20,7,1,2
jpf-gradient Coverage Evaluation/Gam,default,erf,3,67,0,2,1,4,1,2,1,1
jpf-gradient Coverage Evaluation/Gam,default,gam,186,287,25,25,36,43,20,16,2,9
jpf-gradient Coverage Evaluation/Gam,default,beta,11,344,4,24,1,45,5,14,1,4
jpf-gradient Coverage Evaluation/coral,coral.tests,JPFBenchmark,1029,2282,198,384,50,204,127,250,10,76
jpf-gradient Coverage Evaluation/bound,bound,grocery,31,31,9,13,2,4,6,8,1,2
jpf-gradient Coverage Evaluation/bound,bound,unbounded,3,21,0,4,1,3,1,3,1,1
jpf-gradient Coverage Evaluation/bound,bound,unconstrained,21,69,6,16,3,9,6,9,1,3
jpf-gradient Coverage Evaluation/bound,bound,allinterval,74,72,12,16,13,11,10,10,2,4
jpf-gradient Coverage Evaluation/bound,bound,golomb,23,177,6,24,3,22,6,15,1,5
jpf-gradient Coverage Evaluation/tsafe,tsafe,TurnLogic,26,122,2,18,3,25,4,11,2,3
jpf-gradient Coverage Evaluation/tsafe,tsafe,Conflict,13,206,0,6,3,32,2,4,2,1
jpf-gradient Coverage Evaluation/dart,concolic,DART,12,30,2,12,2,9,4,8,2,3
jpf-gradient Coverage Evaluation/Airy,default,airy,974,766,74,34,164,132,52,13,4,7
