GROUP,PACKAGE,CLASS,INSTRUCTION_MISSED,INSTRUCTION_COVERED,BRANCH_MISSED,BRANCH_COVERED,LINE_MISSED,LINE_COVERED,COMPLEXITY_MISSED,COMPLEXITY_COVERED,METHOD_MISSED,METHOD_COVERED
jpf-coral Coverage Evaluation/color,color,stablemarriage,28,295,6,10,2,7,5,6,1,2
jpf-coral Coverage Evaluation/color,color,loan,6,57,1,1,2,8,2,1,1,1
jpf-coral Coverage Evaluation/color,color,sendmoremoney,8,159,2,32,3,10,3,19,1,4
jpf-coral Coverage Evaluation/color,color,laplace,6,211,1,13,1,26,2,8,1,2
jpf-coral Coverage Evaluation/color,color,magicseries,3,129,0,36,1,17,1,22,1,4
jpf-coral Coverage Evaluation/power,concolic,PowExample,7,49,0,14,3,17,2,8,2,1
jpf-coral Coverage Evaluation/Caldat,default,caldat,115,398,17,31,13,73,17,13,1,5
jpf-coral Coverage Evaluation/Bess,default,dawson,15,274,7,17,2,37,7,11,1,5
jpf-coral Coverage Evaluation/Bess,default,bess,1276,0,64,0,152,0,45,0,13,0
jpf-coral Coverage Evaluation/raytrace,default,Vector3D,175,179,0,8,8,20,7,11,7,7
jpf-coral Coverage Evaluation/raytrace,default,Surface,57,393,3,25,8,51,3,13,0,2
jpf-coral Coverage Evaluation/raytrace,default,TestDrivers,3,271,0,0,1,40,1,5,1,5
jpf-coral Coverage Evaluation/raytrace,default,Light,0,26,1,3,0,10,1,2,0,1
jpf-coral Coverage Evaluation/raytrace,default,Sphere,15,196,0,8,1,29,1,7,1,3
jpf-coral Coverage Evaluation/raytrace,default,Ray,28,41,0,4,2,12,2,4,2,2
jpf-coral Coverage Evaluation/raytrace,default,Color,0,21,0,0,0,8,0,4,0,4
jpf-coral Coverage Evaluation/statcalc,concolic,TestStatCalc,6,34,0,4,3,12,2,3,2,1
jpf-coral Coverage Evaluation/statcalc,concolic,StatCalculator,56,104,2,6,21,25,11,7,9,5
jpf-coral Coverage Evaluation/scic,scic,RungeKutta,6,94,0,4,3,14,2,4,2,2
jpf-coral Coverage Evaluation/scic,scic,NewtonMethod,16,72,3,1,5,12,4,4,2,4
jpf-coral Coverage Evaluation/scic,scic,EulerMethod,6,44,0,4,3,9,2,4,2,2
jpf-coral Coverage Evaluation/scic,scic,CubedRoot,6,77,1,7,3,16,3,4,2,1
jpf-coral Coverage Evaluation/scic,scic,NewtonSimpson,20,134,1,7,5,21,3,8,2,5
jpf-coral Coverage Evaluation/scic,scic,SimpsonSolver,16,153,0,6,3,22,2,8,2,5
jpf-coral Coverage Evaluation/sine,concolic,MathSin,1061,0,49,0,184,0,33,0,7,0
jpf-coral Coverage Evaluation/Ran,default,ran,81,408,17,39,12,79,18,15,2,3
jpf-coral Coverage Evaluation/Ran,default,dev,380,312,54,30,57,70,38,12,2,6
jpf-coral Coverage Evaluation/optimization,default,Optimization,57,165,14,18,5,19,10,14,1,7
jpf-coral Coverage Evaluation/Ell,default,complex,32,108,0,0,8,13,3,7,3,7
jpf-coral Coverage Evaluation/Ell,default,ell,1045,1190,167,55,173,169,102,25,3,13
jpf-coral Coverage Evaluation/Ell,default,frenel,341,201,35,11,63,37,21,5,1,2
jpf-coral Coverage Evaluation/Ell,default,plgndr,98,16,13,3,14,7,9,1,1,1
jpf-coral Coverage Evaluation/ej_hash,default,EffectiveJavaHashCode,154,0,10,0,34,0,12,0,7,0
jpf-coral Coverage Evaluation/tcas,default,Tcas,148,185,31,45,28,46,25,25,4,8
jpf-coral Coverage Evaluation/tcas,default,Const,3,0,0,0,1,0,1,0,1,0
jpf-coral Coverage Evaluation/Gam,default,expint,236,106,33,15,40,25,20,7,1,2
jpf-coral Coverage Evaluation/Gam,default,erf,3,67,0,2,1,4,1,2,1,1
jpf-coral Coverage Evaluation/Gam,default,gam,195,278,28,22,39,40,22,14,2,9
jpf-coral Coverage Evaluation/Gam,default,beta,22,333,6,22,2,44,7,12,1,4
jpf-coral Coverage Evaluation/coral,coral.tests,JPFBenchmark,1293,2018,225,357,54,200,136,241,16,70
jpf-coral Coverage Evaluation/bound,bound,grocery,15,47,7,15,2,4,5,9,1,2
jpf-coral Coverage Evaluation/bound,bound,unbounded,3,21,0,4,1,3,1,3,1,1
jpf-coral Coverage Evaluation/bound,bound,unconstrained,21,69,6,16,3,9,6,9,1,3
jpf-coral Coverage Evaluation/bound,bound,allinterval,74,72,12,16,13,11,10,10,2,4
jpf-coral Coverage Evaluation/bound,bound,golomb,23,177,6,24,3,22,6,15,1,5
jpf-coral Coverage Evaluation/tsafe,tsafe,TurnLogic,26,122,2,18,3,25,4,11,2,3
jpf-coral Coverage Evaluation/tsafe,tsafe,Conflict,13,206,0,6,3,32,2,4,2,1
jpf-coral Coverage Evaluation/dart,concolic,DART,16,26,6,8,3,8,7,5,2,3
jpf-coral Coverage Evaluation/Airy,default,airy,974,766,74,34,164,132,52,13,4,7
